task,variant_hash,candidate_size,reference_size,byte_delta,public_source_count,public_sources,labeled_support,ridge_estimated_delta,exact_single_task_delta,ranking_estimate,evidence
task074,1da6eb4193b945cd,8001,15145,-7144,2,jonathan-merged91-workbench;ryosuke-7266-48,6,0.023051,,0.023051,ridge_attribution
task366,f4110b52eb216d81,29365,30962,-1597,6,anas-championship;hanif-epic-sax;jonathan-merged91-workbench;nikita-neurogolf-00;poby-7268-best-score;seddik-all-graph-surgeries,7,0.001487,,0.001487,ridge_attribution
task240,ec7178d1e92a3b88,3765,4617,-852,2,nikita-neurogolf-00;poby-7268-best-score,2,0.001157,,0.001157,ridge_attribution
task165,c50cc2a83191dcc4,2278,2416,-138,7,anas-championship;hanif-epic-sax;kaiwalya-championship-solution;lucifer-chimera-safe-boost;nikita-neurogolf-00;poby-7268-best-score;seddik-all-graph-surgeries,2,0.001157,,0.001157,ridge_attribution
task368,417a0a5334706abb,2065,2111,-46,4,anas-championship;nikita-neurogolf-00;poby-7268-best-score;seddik-all-graph-surgeries,2,0.001157,,0.001157,ridge_attribution
task090,03ff81e79b05a072,14039,14008,31,3,anas-championship;nikita-neurogolf-00;poby-7268-best-score,2,0.001157,,0.001157,ridge_attribution
task243,3aed6d390361ae06,118393,118333,60,5,anas-championship;hanif-epic-sax;nikita-neurogolf-00;poby-7268-best-score;seddik-all-graph-surgeries,2,0.001157,,0.001157,ridge_attribution
task105,d2f514d17c52556c,5886,5826,60,3,hanif-epic-sax;nikita-neurogolf-00;poby-7268-best-score,2,0.001157,,0.001157,ridge_attribution
task396,cd649ec2dcc3449d,3544,3481,63,3,hanif-epic-sax;nikita-neurogolf-00;poby-7268-best-score,2,0.001157,,0.001157,ridge_attribution
task280,1bc3b072372cd5f6,13347,13231,116,5,anas-championship;hanif-epic-sax;nikita-neurogolf-00;poby-7268-best-score;seddik-all-graph-surgeries,2,0.001157,,0.001157,ridge_attribution
task174,2ebac0ffa72f3208,3601,3656,-55,3,lucifer-agi-circuit-forge;lucifer-chimera-safe-boost;lucifer-compression-core,1,-0.002696,,-0.002696,ridge_attribution
task133,aae28caf12d65f98,6833,6827,6,3,lucifer-agi-circuit-forge;lucifer-chimera-safe-boost;lucifer-compression-core,1,-0.002696,,-0.002696,ridge_attribution
task105,351e845f523274be,5873,5826,47,2,lucifer-agi-circuit-forge;lucifer-compression-core,1,-0.002696,,-0.002696,ridge_attribution
task018,6f18a61ed059c8e3,73336,73252,84,3,lucifer-agi-circuit-forge;lucifer-chimera-safe-boost;lucifer-compression-core,1,-0.002696,,-0.002696,ridge_attribution
task090,f7055ddd7b14e8e8,14101,14008,93,6,hanif-epic-sax;jonathan-merged91-workbench;lucifer-agi-circuit-forge;lucifer-compression-core;ryosuke-7266-48;seddik-all-graph-surgeries,1,-0.002696,,-0.002696,ridge_attribution
task363,993ed2e49657ad0d,3130,3261,-131,6,anas-championship;jonathan-merged91-workbench;nikita-neurogolf-00;poby-7268-best-score;ryosuke-7266-48;seddik-all-graph-surgeries,1,-0.004962,,-0.004962,ridge_attribution
task035,75b0369f17a01b14,6512,6483,29,7,anas-championship;hanif-epic-sax;jonathan-merged91-workbench;nikita-neurogolf-00;poby-7268-best-score;ryosuke-7266-48;seddik-all-graph-surgeries,1,-0.004962,,-0.004962,ridge_attribution
task085,21af5a2d5769d865,3922,3506,416,4,anas-championship;nikita-neurogolf-00;poby-7268-best-score;seddik-all-graph-surgeries,1,-0.004962,,-0.004962,ridge_attribution
task101,fe5a64e850700f6c,10304,10415,-111,7,anas-championship;hanif-epic-sax;kaiwalya-championship-solution;lucifer-chimera-safe-boost;nikita-neurogolf-00;poby-7268-best-score;seddik-all-graph-surgeries,3,-0.007216,,-0.007216,ridge_attribution
task396,3b335937303883ee,3510,3481,29,2,anas-championship;seddik-all-graph-surgeries,1,-0.008373,,-0.008373,ridge_attribution
task396,98e4e91ca4dbc7a5,3515,3481,34,4,kaiwalya-championship-solution;lucifer-agi-circuit-forge;lucifer-chimera-safe-boost;lucifer-compression-core,4,-0.015588,,-0.015588,ridge_attribution
task370,b4dbd494c29ebb04,6691,6646,45,6,anas-championship;hanif-epic-sax;jonathan-merged91-workbench;nikita-neurogolf-00;poby-7268-best-score;seddik-all-graph-surgeries,5,-0.015902,,-0.015902,ridge_attribution
task005,a91c800a5d153db0,4692,5096,-404,5,anas-championship;hanif-epic-sax;nikita-neurogolf-00;poby-7268-best-score;ryosuke-7266-48,5,-0.017854,,-0.017854,ridge_attribution
task005,64ac9dfc26227a03,7056,5096,1960,2,jonathan-merged91-workbench;seddik-all-graph-surgeries,3,-0.018498,,-0.018498,ridge_attribution
task008,dc92eaaf9dd3f2de,4925,7009,-2084,1,ryosuke-7266-48,3,-0.019011,,-0.019011,ridge_attribution
task107,bd4a7938556e14c1,4201,5666,-1465,1,ryosuke-7266-48,3,-0.019011,,-0.019011,ridge_attribution
task054,63e183aaeff6b5c4,22788,23797,-1009,5,anas-championship;hanif-epic-sax;nikita-neurogolf-00;poby-7268-best-score;seddik-all-graph-surgeries,4,-0.019995,-0.020000,-0.020000,exact_single_task
task310,4a66563b62a74c1b,2334,3738,-1404,1,ryosuke-7266-48,3,-0.020450,,-0.020450,ridge_attribution
task370,342a888b9ea2620c,5253,6646,-1393,1,ryosuke-7266-48,3,-0.020450,,-0.020450,ridge_attribution
task355,d354add551eb093e,1435,1415,20,1,kaiwalya-championship-solution,4,-0.021265,,-0.021265,ridge_attribution
task105,d32bb6ad7586c8be,5861,5826,35,2,kaiwalya-championship-solution;lucifer-chimera-safe-boost,4,-0.021265,,-0.021265,ridge_attribution
task370,84d0a5956dbe1f51,6669,6646,23,4,kaiwalya-championship-solution;lucifer-agi-circuit-forge;lucifer-chimera-safe-boost;lucifer-compression-core,5,-0.023961,,-0.023961,ridge_attribution
task237,9580955cd8af36d2,4795,4768,27,4,kaiwalya-championship-solution;lucifer-agi-circuit-forge;lucifer-chimera-safe-boost;lucifer-compression-core,5,-0.023961,,-0.023961,ridge_attribution
task085,e79962bddb94b23a,3586,3506,80,4,kaiwalya-championship-solution;lucifer-agi-circuit-forge;lucifer-chimera-safe-boost;lucifer-compression-core,5,-0.023961,,-0.023961,ridge_attribution
task264,caf991cf6b7b4874,7843,8422,-579,2,hoangvux-neurogolf;jonathan-7242-task-graft,1,-0.034997,,-0.034997,ridge_attribution
task197,3b6b818029dddea3,945,986,-41,2,hoangvux-neurogolf;jonathan-7242-task-graft,1,-0.034997,,-0.034997,ridge_attribution
task198,e216b70b4262379c,4082,4587,-505,7,anas-championship;hanif-epic-sax;jonathan-task-graft-7250;nikita-neurogolf-00;poby-7268-best-score;ryosuke-7266-48;seddik-all-graph-surgeries,8,-0.036352,,-0.036352,ridge_attribution
task055,c10324dc3827ff7e,1243,1511,-268,7,anas-championship;hanif-epic-sax;jonathan-merged91-workbench;nikita-neurogolf-00;poby-7268-best-score;ryosuke-7266-48;seddik-all-graph-surgeries,8,-0.036352,,-0.036352,ridge_attribution
task127,2421f9f0f87224c6,1009,1269,-260,12,anas-championship;franksunp-7225-19;franksunp-7245-63;hanif-epic-sax;hoangvux-neurogolf;jonathan-7242-task-graft;jonathan-merged91-workbench;jonathan-task-graft-7250;nikita-neurogolf-00;poby-7268-best-score;ryosuke-7266-48;seddik-all-graph-surgeries,8,-0.036352,,-0.036352,ridge_attribution
task091,99f1ee6645ba95d5,2965,3191,-226,9,anas-championship;hanif-epic-sax;jonathan-merged91-workbench;kaiwalya-championship-solution;lucifer-chimera-safe-boost;nikita-neurogolf-00;poby-7268-best-score;ryosuke-7266-48;seddik-all-graph-surgeries,8,-0.036352,,-0.036352,ridge_attribution
task064,681779e26f83496d,3347,3568,-221,6,anas-championship;hanif-epic-sax;jonathan-merged91-workbench;nikita-neurogolf-00;poby-7268-best-score;seddik-all-graph-surgeries,8,-0.036352,,-0.036352,ridge_attribution
task338,857ebd11081aa0a0,2529,2715,-186,8,anas-championship;hanif-epic-sax;jonathan-merged91-workbench;jonathan-task-graft-7250;nikita-neurogolf-00;poby-7268-best-score;ryosuke-7266-48;seddik-all-graph-surgeries,8,-0.036352,,-0.036352,ridge_attribution
task268,badf6d0c30a4eb0f,5285,5447,-162,7,anas-championship;hanif-epic-sax;jonathan-merged91-workbench;nikita-neurogolf-00;poby-7268-best-score;ryosuke-7266-48;seddik-all-graph-surgeries,8,-0.036352,,-0.036352,ridge_attribution
task234,98437b7dfc1e448b,4458,4594,-136,7,anas-championship;hanif-epic-sax;jonathan-merged91-workbench;nikita-neurogolf-00;poby-7268-best-score;ryosuke-7266-48;seddik-all-graph-surgeries,8,-0.036352,,-0.036352,ridge_attribution
task398,ffa296fe2d6b18d1,5498,5596,-98,7,anas-championship;jonathan-merged91-workbench;kaiwalya-championship-solution;lucifer-chimera-safe-boost;nikita-neurogolf-00;poby-7268-best-score;seddik-all-graph-surgeries,8,-0.036352,,-0.036352,ridge_attribution
task328,282e6d5a0ae937f7,3035,3129,-94,7,anas-championship;hanif-epic-sax;jonathan-merged91-workbench;nikita-neurogolf-00;poby-7268-best-score;ryosuke-7266-48;seddik-all-graph-surgeries,8,-0.036352,,-0.036352,ridge_attribution
task025,e33d292eb19701d7,4697,4789,-92,12,anas-championship;franksunp-7225-19;franksunp-7245-63;hanif-epic-sax;hoangvux-neurogolf;jonathan-7242-task-graft;jonathan-merged91-workbench;jonathan-task-graft-7250;nikita-neurogolf-00;poby-7268-best-score;ryosuke-7266-48;seddik-all-graph-surgeries,8,-0.036352,,-0.036352,ridge_attribution
task255,a45397cba43a93f3,11372,11436,-64,8,anas-championship;hanif-epic-sax;jonathan-merged91-workbench;jonathan-task-graft-7250;nikita-neurogolf-00;poby-7268-best-score;ryosuke-7266-48;seddik-all-graph-surgeries,8,-0.036352,,-0.036352,ridge_attribution
task036,408e601d6479f3a1,4233,4290,-57,9,anas-championship;hanif-epic-sax;jonathan-merged91-workbench;kaiwalya-championship-solution;lucifer-chimera-safe-boost;nikita-neurogolf-00;poby-7268-best-score;ryosuke-7266-48;seddik-all-graph-surgeries,8,-0.036352,,-0.036352,ridge_attribution
task275,085256d2a74cfdb6,3279,3325,-46,12,anas-championship;franksunp-7225-19;franksunp-7245-63;hanif-epic-sax;hoangvux-neurogolf;jonathan-7242-task-graft;jonathan-merged91-workbench;jonathan-task-graft-7250;nikita-neurogolf-00;poby-7268-best-score;ryosuke-7266-48;seddik-all-graph-surgeries,8,-0.036352,,-0.036352,ridge_attribution
task205,371593b52e003775,5407,5446,-39,8,anas-championship;hanif-epic-sax;jonathan-merged91-workbench;jonathan-task-graft-7250;nikita-neurogolf-00;poby-7268-best-score;ryosuke-7266-48;seddik-all-graph-surgeries,8,-0.036352,,-0.036352,ridge_attribution
task377,506bb3ecaa35a3f5,5496,5515,-19,10,anas-championship;franksunp-7245-63;hanif-epic-sax;hoangvux-neurogolf;jonathan-merged91-workbench;jonathan-task-graft-7250;nikita-neurogolf-00;poby-7268-best-score;ryosuke-7266-48;seddik-all-graph-surgeries,8,-0.036352,,-0.036352,ridge_attribution
task080,9c4dc500d7371923,6260,6266,-6,7,anas-championship;hanif-epic-sax;jonathan-merged91-workbench;nikita-neurogolf-00;poby-7268-best-score;ryosuke-7266-48;seddik-all-graph-surgeries,8,-0.036352,,-0.036352,ridge_attribution
task379,6db4569721c768a0,4215,4215,0,6,anas-championship;hanif-epic-sax;jonathan-merged91-workbench;nikita-neurogolf-00;poby-7268-best-score;seddik-all-graph-surgeries,8,-0.036352,,-0.036352,ridge_attribution
task365,2ddf9d9244acaf72,3852,3836,16,7,anas-championship;hanif-epic-sax;jonathan-merged91-workbench;nikita-neurogolf-00;poby-7268-best-score;ryosuke-7266-48;seddik-all-graph-surgeries,8,-0.036352,,-0.036352,ridge_attribution
task358,f5fd5ba0f5d9b452,2819,2800,19,7,anas-championship;hanif-epic-sax;jonathan-merged91-workbench;nikita-neurogolf-00;poby-7268-best-score;ryosuke-7266-48;seddik-all-graph-surgeries,8,-0.036352,,-0.036352,ridge_attribution
task153,cc41bafe54a98f1d,5644,5624,20,8,anas-championship;hanif-epic-sax;jonathan-merged91-workbench;jonathan-task-graft-7250;nikita-neurogolf-00;poby-7268-best-score;ryosuke-7266-48;seddik-all-graph-surgeries,8,-0.036352,,-0.036352,ridge_attribution
task162,328e3db12365b6af,1350,1327,23,7,anas-championship;hanif-epic-sax;jonathan-merged91-workbench;nikita-neurogolf-00;poby-7268-best-score;ryosuke-7266-48;seddik-all-graph-surgeries,8,-0.036352,,-0.036352,ridge_attribution
task209,8bc1a4aaa947232c,6722,6699,23,8,anas-championship;hanif-epic-sax;jonathan-merged91-workbench;jonathan-task-graft-7250;nikita-neurogolf-00;poby-7268-best-score;ryosuke-7266-48;seddik-all-graph-surgeries,8,-0.036352,,-0.036352,ridge_attribution
task256,3347efdee8da5dc8,1527,1504,23,7,anas-championship;hanif-epic-sax;jonathan-merged91-workbench;nikita-neurogolf-00;poby-7268-best-score;ryosuke-7266-48;seddik-all-graph-surgeries,8,-0.036352,,-0.036352,ridge_attribution
task273,b36725153b612108,1577,1554,23,7,anas-championship;hanif-epic-sax;jonathan-merged91-workbench;nikita-neurogolf-00;poby-7268-best-score;ryosuke-7266-48;seddik-all-graph-surgeries,8,-0.036352,,-0.036352,ridge_attribution
task170,ecadd63102120041,6311,6286,25,7,anas-championship;hanif-epic-sax;jonathan-merged91-workbench;nikita-neurogolf-00;poby-7268-best-score;ryosuke-7266-48;seddik-all-graph-surgeries,8,-0.036352,,-0.036352,ridge_attribution
task246,5de5dc2a8657ca61,2624,2599,25,7,anas-championship;hanif-epic-sax;jonathan-merged91-workbench;nikita-neurogolf-00;poby-7268-best-score;ryosuke-7266-48;seddik-all-graph-surgeries,8,-0.036352,,-0.036352,ridge_attribution
task251,4e7cddf42dec66cc,1848,1823,25,6,anas-championship;hanif-epic-sax;jonathan-merged91-workbench;nikita-neurogolf-00;poby-7268-best-score;seddik-all-graph-surgeries,8,-0.036352,,-0.036352,ridge_attribution
task201,1584a54f95d813b0,4749,4720,29,7,anas-championship;hanif-epic-sax;jonathan-merged91-workbench;nikita-neurogolf-00;poby-7268-best-score;ryosuke-7266-48;seddik-all-graph-surgeries,8,-0.036352,,-0.036352,ridge_attribution
task381,f869ed167b89a063,1360,1331,29,7,anas-championship;hanif-epic-sax;jonathan-merged91-workbench;nikita-neurogolf-00;poby-7268-best-score;ryosuke-7266-48;seddik-all-graph-surgeries,8,-0.036352,,-0.036352,ridge_attribution
task216,dfbfe486bf2f36e9,3863,3827,36,7,anas-championship;hanif-epic-sax;jonathan-merged91-workbench;nikita-neurogolf-00;poby-7268-best-score;ryosuke-7266-48;seddik-all-graph-surgeries,8,-0.036352,,-0.036352,ridge_attribution
task250,63f772b3c9d75f8b,3145,3095,50,7,anas-championship;hanif-epic-sax;jonathan-merged91-workbench;nikita-neurogolf-00;poby-7268-best-score;ryosuke-7266-48;seddik-all-graph-surgeries,8,-0.036352,,-0.036352,ridge_attribution
task222,eb02ecc2b49ff92c,5499,5438,61,11,anas-championship;franksunp-7245-63;hanif-epic-sax;hoangvux-neurogolf;jonathan-7242-task-graft;jonathan-merged91-workbench;jonathan-task-graft-7250;nikita-neurogolf-00;poby-7268-best-score;ryosuke-7266-48;seddik-all-graph-surgeries,8,-0.036352,,-0.036352,ridge_attribution
task215,1abb63a372badbe4,1052,984,68,7,anas-championship;hanif-epic-sax;jonathan-merged91-workbench;nikita-neurogolf-00;poby-7268-best-score;ryosuke-7266-48;seddik-all-graph-surgeries,8,-0.036352,,-0.036352,ridge_attribution
task319,5df0de2e9e52ba14,10464,10377,87,7,anas-championship;hanif-epic-sax;jonathan-merged91-workbench;nikita-neurogolf-00;poby-7268-best-score;ryosuke-7266-48;seddik-all-graph-surgeries,8,-0.036352,,-0.036352,ridge_attribution
task066,69b537650e346042,14741,14638,103,6,anas-championship;hanif-epic-sax;jonathan-merged91-workbench;nikita-neurogolf-00;poby-7268-best-score;seddik-all-graph-surgeries,8,-0.036352,,-0.036352,ridge_attribution
task133,387342495b3dee33,6941,6827,114,7,anas-championship;hanif-epic-sax;jonathan-merged91-workbench;nikita-neurogolf-00;poby-7268-best-score;ryosuke-7266-48;seddik-all-graph-surgeries,8,-0.036352,,-0.036352,ridge_attribution
task260,6a1623fc04750b06,4572,4450,122,6,anas-championship;jonathan-merged91-workbench;nikita-neurogolf-00;poby-7268-best-score;ryosuke-7266-48;seddik-all-graph-surgeries,8,-0.036352,,-0.036352,ridge_attribution
task174,719acea13b22e4b3,3799,3656,143,7,anas-championship;hanif-epic-sax;jonathan-merged91-workbench;nikita-neurogolf-00;poby-7268-best-score;ryosuke-7266-48;seddik-all-graph-surgeries,8,-0.036352,,-0.036352,ridge_attribution
task237,81836fa92e05e9e0,4913,4768,145,8,anas-championship;hanif-epic-sax;jonathan-merged91-workbench;jonathan-task-graft-7250;nikita-neurogolf-00;poby-7268-best-score;ryosuke-7266-48;seddik-all-graph-surgeries,8,-0.036352,,-0.036352,ridge_attribution
task219,b90add754f9a6166,9609,9456,153,7,anas-championship;hanif-epic-sax;jonathan-merged91-workbench;nikita-neurogolf-00;poby-7268-best-score;ryosuke-7266-48;seddik-all-graph-surgeries,8,-0.036352,,-0.036352,ridge_attribution
task009,2418667851ab6ace,2039,1874,165,7,anas-championship;hanif-epic-sax;jonathan-merged91-workbench;nikita-neurogolf-00;poby-7268-best-score;ryosuke-7266-48;seddik-all-graph-surgeries,8,-0.036352,,-0.036352,ridge_attribution
task324,dc14391eb54f5b50,4395,4223,172,6,anas-championship;jonathan-merged91-workbench;nikita-neurogolf-00;poby-7268-best-score;ryosuke-7266-48;seddik-all-graph-surgeries,8,-0.036352,,-0.036352,ridge_attribution
task048,8d31c5e65b01f08b,6323,5977,346,8,anas-championship;hanif-epic-sax;jonathan-merged91-workbench;jonathan-task-graft-7250;nikita-neurogolf-00;poby-7268-best-score;ryosuke-7266-48;seddik-all-graph-surgeries,8,-0.036352,,-0.036352,ridge_attribution
task018,3fea9048baab0c6e,74228,73252,976,9,anas-championship;franksunp-7245-63;hanif-epic-sax;jonathan-merged91-workbench;jonathan-task-graft-7250;nikita-neurogolf-00;poby-7268-best-score;ryosuke-7266-48;seddik-all-graph-surgeries,8,-0.036352,,-0.036352,ridge_attribution
task165,dddf56c6944b61e6,2323,2416,-93,1,jonathan-merged91-workbench,6,-0.037509,,-0.037509,ridge_attribution
task368,d154500b74011ac1,2116,2111,5,1,jonathan-merged91-workbench,6,-0.037509,,-0.037509,ridge_attribution
task132,f1f2e5d76b7502d5,5073,5034,39,1,jonathan-merged91-workbench,6,-0.037509,,-0.037509,ridge_attribution
task208,e7fdc6fb42752365,4104,4059,45,2,jonathan-merged91-workbench;ryosuke-7266-48,6,-0.037509,,-0.037509,ridge_attribution
task285,e81f1cc00cc4c733,5161,5102,59,2,jonathan-merged91-workbench;ryosuke-7266-48,6,-0.037509,,-0.037509,ridge_attribution
task090,a0dd1a245686a4e6,14070,14008,62,1,lucifer-chimera-safe-boost,6,-0.037509,,-0.037509,ridge_attribution
task157,4a6254c1ad16977b,39134,39061,73,1,jonathan-merged91-workbench,6,-0.037509,,-0.037509,ridge_attribution
task101,38915fbb79e94517,10489,10415,74,1,ryosuke-7266-48,6,-0.037509,,-0.037509,ridge_attribution
task396,ea8e0f81b11963aa,3595,3481,114,2,jonathan-merged91-workbench;ryosuke-7266-48,6,-0.037509,,-0.037509,ridge_attribution
task096,bc0cf5e62e5cfc7b,14209,13981,228,4,franksunp-7245-63;jonathan-merged91-workbench;jonathan-task-graft-7250;ryosuke-7266-48,6,-0.037509,,-0.037509,ridge_attribution
task280,bacce9aa0e87ec78,13466,13231,235,2,jonathan-merged91-workbench;ryosuke-7266-48,6,-0.037509,,-0.037509,ridge_attribution
task054,4c32adeb4b99eff1,24729,23797,932,4,franksunp-7245-63;jonathan-merged91-workbench;jonathan-task-graft-7250;ryosuke-7266-48,6,-0.037509,,-0.037509,ridge_attribution
task367,3a05b7f0b2c5fbcb,3157,2093,1064,2,jonathan-task-graft-7250;ryosuke-7266-48,6,-0.037509,,-0.037509,ridge_attribution
task158,b1917c261d3c8867,14407,8407,6000,3,jonathan-merged91-workbench;jonathan-task-graft-7250;ryosuke-7266-48,6,-0.037509,,-0.037509,ridge_attribution
task243,bad5aefd81990fbf,161283,118333,42950,1,jonathan-merged91-workbench,6,-0.037509,,-0.037509,ridge_attribution
task366,b7c65739b0958c6d,18620,30962,-12342,1,ryosuke-7266-48,1,-0.037839,,-0.037839,ridge_attribution
task233,94f3205db3cd4349,20972,20139,833,3,franksunp-7245-63;jonathan-task-graft-7250;ryosuke-7266-48,1,-0.037839,,-0.037839,ridge_attribution
task355,6cbc2c90bcc24462,1436,1415,21,13,anas-championship;franksunp-7245-63;hanif-epic-sax;hoangvux-neurogolf;jonathan-merged91-workbench;jonathan-task-graft-7250;lucifer-agi-circuit-forge;lucifer-chimera-safe-boost;lucifer-compression-core;nikita-neurogolf-00;poby-7268-best-score;ryosuke-7266-48;seddik-all-graph-surgeries,9,-0.039048,,-0.039048,ridge_attribution
task074,8462451e43594719,708,15145,-14437,5,franksunp-7225-19;franksunp-7245-63;hoangvux-neurogolf;jonathan-7242-task-graft;jonathan-task-graft-7250,1,-0.054441,,-0.054441,ridge_attribution
task243,6ffd107c9f414524,5620,118333,-112713,1,franksunp-7225-19,0,,,,ridge_attribution
task044,342562bf33fbaf41,4632,14824,-10192,1,jonathan-task-graft-7250,0,,,,ridge_attribution
task044,da74d660c4350c84,4706,14824,-10118,1,franksunp-7245-63,0,,,,ridge_attribution
task044,fcb4b073711172f9,5175,14824,-9649,2,hoangvux-neurogolf;jonathan-7242-task-graft,0,,,,ridge_attribution
task044,44264d9056166db4,8468,14824,-6356,1,jonathan-merged91-workbench,0,,,,ridge_attribution
task023,81f827367d69ac8e,12503,17654,-5151,1,jonathan-merged91-workbench,0,,,,ridge_attribution
task187,2d2bfb2c6a0d69be,8036,12620,-4584,1,jonathan-merged91-workbench,0,,,,ridge_attribution
task008,bf083264c7dc950a,2601,7009,-4408,1,franksunp-7225-19,0,,,,ridge_attribution
task092,c298192c5c939c31,6127,9855,-3728,1,jonathan-merged91-workbench,0,,,,ridge_attribution
task023,bf885cfc63a19dbe,14256,17654,-3398,1,franksunp-7225-19,0,,,,ridge_attribution
task187,32e0ce8afb2b5add,9414,12620,-3206,1,franksunp-7225-19,0,,,,ridge_attribution
task222,4d584bf433871baf,2482,5438,-2956,1,franksunp-7225-19,0,,,,ridge_attribution
task092,a8c082121f6f2b04,6948,9855,-2907,1,franksunp-7225-19,0,,,,ridge_attribution
task264,495f6b679e715cf0,5911,8422,-2511,1,franksunp-7225-19,0,,,,ridge_attribution
task008,a303b817c54ba711,4660,7009,-2349,1,jonathan-7242-task-graft,0,,,,ridge_attribution
task377,c4b2b07ae73c8ef2,3277,5515,-2238,1,franksunp-7225-19,0,,,,ridge_attribution
task205,8a8d591da85554e2,3247,5446,-2199,1,franksunp-7245-63,0,,,,ridge_attribution
task008,25e8c6bc7379f566,4868,7009,-2141,1,hoangvux-neurogolf,0,,,,ridge_attribution
task287,cc13d8f7c4147b0f,1811,3827,-2016,5,franksunp-7225-19;franksunp-7245-63;hoangvux-neurogolf;jonathan-7242-task-graft;jonathan-task-graft-7250,0,,,,ridge_attribution
task044,9a4ba144fb5d1bfa,12900,14824,-1924,1,franksunp-7225-19,0,,,,ridge_attribution
task198,1b4b761d221fe3d4,2791,4587,-1796,1,jonathan-merged91-workbench,0,,,,ridge_attribution
task085,af508ba0a3abf1ea,1730,3506,-1776,1,hanif-epic-sax,0,,,,ridge_attribution
task138,3e341bf642bdd4eb,4661,6416,-1755,1,jonathan-7242-task-graft,0,,,,ridge_attribution
task138,710018cc177a0508,4665,6416,-1751,1,franksunp-7225-19,0,,,,ridge_attribution
task138,092da833e6757076,4683,6416,-1733,3,franksunp-7245-63;hoangvux-neurogolf;jonathan-task-graft-7250,0,,,,ridge_attribution
task138,e67bb2f1a721ab91,4714,6416,-1702,1,jonathan-merged91-workbench,0,,,,ridge_attribution
task008,d440589cd5ed04fb,5339,7009,-1670,1,franksunp-7245-63,0,,,,ridge_attribution
task036,c666094eb0de353e,2637,4290,-1653,1,jonathan-7242-task-graft,0,,,,ridge_attribution
task319,0f7ee546d180c1a1,8729,10377,-1648,1,franksunp-7225-19,0,,,,ridge_attribution
task036,44fba614f66382d1,2672,4290,-1618,1,franksunp-7225-19,0,,,,ridge_attribution
task036,d42d904011f83d48,2705,4290,-1585,1,hoangvux-neurogolf,0,,,,ridge_attribution
task008,51d4c39ac4586ede,5449,7009,-1560,1,jonathan-task-graft-7250,0,,,,ridge_attribution
task036,fd367db2a694f050,2737,4290,-1553,1,franksunp-7245-63,0,,,,ridge_attribution
task378,b3f71641d8791b05,3545,5072,-1527,1,jonathan-merged91-workbench,0,,,,ridge_attribution
task202,32dcf6ec8633b7c0,1032,2549,-1517,1,franksunp-7225-19,0,,,,ridge_attribution
task093,40bbc2cafe0e4a25,3091,4607,-1516,1,jonathan-merged91-workbench,0,,,,ridge_attribution
task205,7c15b6fe8a5fbcdf,3943,5446,-1503,1,hoangvux-neurogolf,0,,,,ridge_attribution
task085,4f4783dd96f863a0,2003,3506,-1503,2,jonathan-merged91-workbench;ryosuke-7266-48,0,,,,ridge_attribution
task205,d4edc353f919245a,3947,5446,-1499,1,jonathan-7242-task-graft,0,,,,ridge_attribution
task202,668b918940dc8d66,1056,2549,-1493,4,franksunp-7245-63;hoangvux-neurogolf;jonathan-7242-task-graft;jonathan-task-graft-7250,0,,,,ridge_attribution
task093,f05747e0e694e10a,3246,4607,-1361,3,franksunp-7245-63;hoangvux-neurogolf;jonathan-task-graft-7250,0,,,,ridge_attribution
task018,2d6294abd7b61c87,71894,73252,-1358,2,hoangvux-neurogolf;jonathan-7242-task-graft,0,,,,ridge_attribution
task397,5c4a0695e52b3936,3300,4654,-1354,2,franksunp-7245-63;jonathan-task-graft-7250,0,,,,ridge_attribution
task397,63e07ca6aa482f89,3302,4654,-1352,3,franksunp-7225-19;hoangvux-neurogolf;jonathan-7242-task-graft,0,,,,ridge_attribution
task145,caf1e6488d2ce94e,2551,3877,-1326,1,jonathan-merged91-workbench,0,,,,ridge_attribution
task018,89f76cb22cbecf83,71935,73252,-1317,1,franksunp-7225-19,0,,,,ridge_attribution
task383,40af58de013e7a87,2893,4120,-1227,1,jonathan-merged91-workbench,0,,,,ridge_attribution
task093,4da37a8b6bb7c24f,3382,4607,-1225,2,franksunp-7225-19;jonathan-7242-task-graft,0,,,,ridge_attribution
task234,7f3bae43b9600115,3575,4594,-1019,1,franksunp-7245-63,0,,,,ridge_attribution
task234,eb92efb213b11e2d,3575,4594,-1019,1,jonathan-task-graft-7250,0,,,,ridge_attribution
task234,aae5c73005016aea,3611,4594,-983,1,hoangvux-neurogolf,0,,,,ridge_attribution
task304,c43deb52a8925956,1077,1954,-877,5,franksunp-7225-19;franksunp-7245-63;hoangvux-neurogolf;jonathan-7242-task-graft;jonathan-task-graft-7250,0,,,,ridge_attribution
task281,35d2c3e6390459c2,2355,3224,-869,1,franksunp-7245-63,0,,,,ridge_attribution
task037,522087a99cd98074,2669,3481,-812,2,franksunp-7245-63;jonathan-task-graft-7250,0,,,,ridge_attribution
task070,f06e034ce99c6804,1062,1863,-801,3,franksunp-7225-19;hoangvux-neurogolf;jonathan-7242-task-graft,0,,,,ridge_attribution
task310,ef423c31c7a199a1,2957,3738,-781,5,franksunp-7225-19;franksunp-7245-63;hoangvux-neurogolf;jonathan-7242-task-graft;jonathan-task-graft-7250,0,,,,ridge_attribution
task286,8d7744b1bcbe2ef6,110986,111759,-773,1,hoangvux-neurogolf,0,,,,ridge_attribution
task383,1439f1a2bbc1b7ee,3349,4120,-771,2,franksunp-7245-63;jonathan-task-graft-7250,0,,,,ridge_attribution
task070,024e094073c8f3cb,1094,1863,-769,2,franksunp-7245-63;jonathan-task-graft-7250,0,,,,ridge_attribution
task218,0e726bd17ccbc803,2360,3128,-768,1,franksunp-7245-63,0,,,,ridge_attribution
task234,38b85b7f4356995a,3827,4594,-767,1,jonathan-7242-task-graft,0,,,,ridge_attribution
task137,351cf9f60b8ff832,1945,2695,-750,1,jonathan-merged91-workbench,0,,,,ridge_attribution
task202,0d716ca27f8d309d,1799,2549,-750,1,jonathan-merged91-workbench,0,,,,ridge_attribution
task036,e7d1971ecc467011,3551,4290,-739,1,jonathan-task-graft-7250,0,,,,ridge_attribution
task383,4733a03c09ee8fc5,3457,4120,-663,1,hoangvux-neurogolf,0,,,,ridge_attribution
task137,59ab733a63abe777,2041,2695,-654,5,franksunp-7225-19;franksunp-7245-63;hoangvux-neurogolf;jonathan-7242-task-graft;jonathan-task-graft-7250,0,,,,ridge_attribution
task250,1821c8223f93c063,2476,3095,-619,3,franksunp-7225-19;hoangvux-neurogolf;jonathan-7242-task-graft,0,,,,ridge_attribution
task383,3844b231a99d01b3,3525,4120,-595,1,jonathan-7242-task-graft,0,,,,ridge_attribution
task383,3cea3a7c5bca4587,3557,4120,-563,1,franksunp-7225-19,0,,,,ridge_attribution
task198,db13846fc3e3ca0d,4030,4587,-557,3,franksunp-7245-63;hoangvux-neurogolf;jonathan-7242-task-graft,0,,,,ridge_attribution
task206,89758cf1c05c121e,1943,2498,-555,2,hoangvux-neurogolf;jonathan-7242-task-graft,0,,,,ridge_attribution
task310,4542ad21d6451b5e,3233,3738,-505,1,jonathan-merged91-workbench,0,,,,ridge_attribution
task359,2be50b03bf8846a2,1135,1617,-482,1,jonathan-merged91-workbench,0,,,,ridge_attribution
task161,646980c3a8503ae9,2141,2614,-473,1,jonathan-task-graft-7250,0,,,,ridge_attribution
task064,432dee49e6e28612,3121,3568,-447,4,franksunp-7225-19;franksunp-7245-63;hoangvux-neurogolf;jonathan-7242-task-graft,0,,,,ridge_attribution
task388,3ebf1e8ac1c28412,1803,2225,-422,2,franksunp-7225-19;jonathan-7242-task-graft,0,,,,ridge_attribution
task277,2e945a188ee85ac7,1303,1721,-418,1,franksunp-7225-19,0,,,,ridge_attribution
task064,ebec9b64cf1cc276,3150,3568,-418,1,jonathan-task-graft-7250,0,,,,ridge_attribution
task184,73e9738d83359dc8,1542,1931,-389,1,franksunp-7225-19,0,,,,ridge_attribution
task388,5214188dbc88f7c2,1851,2225,-374,3,franksunp-7245-63;hoangvux-neurogolf;jonathan-task-graft-7250,0,,,,ridge_attribution
task343,6a5dd2be69193701,4765,5126,-361,2,franksunp-7225-19;jonathan-7242-task-graft,0,,,,ridge_attribution
task334,975c7e2516afe0f4,1567,1921,-354,2,franksunp-7225-19;jonathan-7242-task-graft,0,,,,ridge_attribution
task190,8c768db5d9b17037,1806,2062,-256,4,franksunp-7225-19;franksunp-7245-63;hoangvux-neurogolf;jonathan-7242-task-graft,0,,,,ridge_attribution
task323,ea2c880d03fbfcdd,1557,1813,-256,5,franksunp-7225-19;franksunp-7245-63;hoangvux-neurogolf;jonathan-7242-task-graft;jonathan-task-graft-7250,0,,,,ridge_attribution
task035,1597de7c87670e2a,6228,6483,-255,4,franksunp-7225-19;franksunp-7245-63;hoangvux-neurogolf;jonathan-7242-task-graft,0,,,,ridge_attribution
task064,9c9bd1b5714fcdb2,3322,3568,-246,2,kaiwalya-championship-solution;lucifer-chimera-safe-boost,0,,,,ridge_attribution
task251,41c425bf1239bf85,1584,1823,-239,5,franksunp-7225-19;franksunp-7245-63;hoangvux-neurogolf;jonathan-7242-task-graft;jonathan-task-graft-7250,0,,,,ridge_attribution
task338,1c830400babc4a67,2485,2715,-230,2,franksunp-7245-63;hoangvux-neurogolf,0,,,,ridge_attribution
task199,139df0d815ef9c19,1982,2190,-208,5,franksunp-7225-19;franksunp-7245-63;hoangvux-neurogolf;jonathan-7242-task-graft;jonathan-task-graft-7250,0,,,,ridge_attribution
task364,486641421f30247a,1972,2168,-196,4,franksunp-7225-19;franksunp-7245-63;hoangvux-neurogolf;jonathan-7242-task-graft,0,,,,ridge_attribution
task190,fef5d056d0259503,1872,2062,-190,1,jonathan-task-graft-7250,0,,,,ridge_attribution
task064,d3a0679b73f23a18,3381,3568,-187,1,ryosuke-7266-48,0,,,,ridge_attribution
task235,b3d322cc097ed65c,740,922,-182,5,franksunp-7225-19;franksunp-7245-63;hoangvux-neurogolf;jonathan-7242-task-graft;jonathan-task-graft-7250,0,,,,ridge_attribution
task094,e817ab9b6aee68c5,1647,1825,-178,4,franksunp-7225-19;franksunp-7245-63;hoangvux-neurogolf;jonathan-7242-task-graft,0,,,,ridge_attribution
task163,7d1623135b50be15,1854,2028,-174,1,franksunp-7245-63,0,,,,ridge_attribution
task268,54a68f1d8a4f376d,5275,5447,-172,1,franksunp-7225-19,0,,,,ridge_attribution
task191,9bf3332981327f93,6568,6738,-170,1,franksunp-7225-19,0,,,,ridge_attribution
task209,848c32fd65c1e033,6545,6699,-154,1,franksunp-7245-63,0,,,,ridge_attribution
task094,5486ffb7b74a4c4b,1679,1825,-146,1,jonathan-task-graft-7250,0,,,,ridge_attribution
task205,4285bc130f7449a8,5302,5446,-144,1,kaiwalya-championship-solution,0,,,,ridge_attribution
task363,393a2514697cc915,3119,3261,-142,1,hanif-epic-sax,0,,,,ridge_attribution
task364,8470a1170973a45c,2026,2168,-142,1,jonathan-task-graft-7250,0,,,,ridge_attribution
task280,e45256da4c70dd2c,13117,13231,-114,2,franksunp-7225-19;jonathan-7242-task-graft,0,,,,ridge_attribution
task111,cba4ca9a62634fbc,1494,1604,-110,4,franksunp-7225-19;franksunp-7245-63;hoangvux-neurogolf;jonathan-7242-task-graft,0,,,,ridge_attribution
task022,fd0b1408104a3778,3347,3457,-110,1,franksunp-7245-63,0,,,,ridge_attribution
task189,47ec1a6548c72b54,1729,1838,-109,1,jonathan-task-graft-7250,0,,,,ridge_attribution
task343,87a9d45a6408a940,5018,5126,-108,2,franksunp-7245-63;hoangvux-neurogolf,0,,,,ridge_attribution
task100,2a69515a00622eec,767,873,-106,4,franksunp-7225-19;franksunp-7245-63;hoangvux-neurogolf;jonathan-7242-task-graft,0,,,,ridge_attribution
task277,f157e6fb6dbe839c,1616,1721,-105,1,jonathan-task-graft-7250,0,,,,ridge_attribution
task300,d6e7d88dcd200050,3125,3217,-92,4,franksunp-7225-19;franksunp-7245-63;hoangvux-neurogolf;jonathan-7242-task-graft,0,,,,ridge_attribution
task023,e6b6bdc98ba133ba,17563,17654,-91,3,franksunp-7245-63;hoangvux-neurogolf;jonathan-7242-task-graft,0,,,,ridge_attribution
task187,a3c3ce827a4919e5,12530,12620,-90,1,hoangvux-neurogolf,0,,,,ridge_attribution
task080,36e17e24fca43a2b,6177,6266,-89,2,kaiwalya-championship-solution;lucifer-chimera-safe-boost,0,,,,ridge_attribution
task348,4dc5b9e107b99330,1939,2025,-86,5,franksunp-7225-19;franksunp-7245-63;hoangvux-neurogolf;jonathan-7242-task-graft;jonathan-task-graft-7250,0,,,,ridge_attribution
task277,71ccf3132d6782b2,1636,1721,-85,1,franksunp-7245-63,0,,,,ridge_attribution
task205,13acecf0ad8c1432,5362,5446,-84,1,lucifer-chimera-safe-boost,0,,,,ridge_attribution
task037,d7fae58854a549ee,3399,3481,-82,1,franksunp-7225-19,0,,,,ridge_attribution
task162,c15fe38872bde7af,1245,1327,-82,5,franksunp-7225-19;franksunp-7245-63;hoangvux-neurogolf;jonathan-7242-task-graft;jonathan-task-graft-7250,0,,,,ridge_attribution
task398,8d8cc6e7d7b0a6d4,5520,5596,-76,1,ryosuke-7266-48,0,,,,ridge_attribution
task398,e5870947ce3392f6,5524,5596,-72,1,hanif-epic-sax,0,,,,ridge_attribution
task377,b63ab25eb3e40375,5445,5515,-70,1,jonathan-7242-task-graft,0,,,,ridge_attribution
task280,53ea75fac3e988ff,13164,13231,-67,3,franksunp-7245-63;hoangvux-neurogolf;jonathan-task-graft-7250,0,,,,ridge_attribution
task368,724fa04c57d5adc3,2046,2111,-65,2,kaiwalya-championship-solution;lucifer-chimera-safe-boost,0,,,,ridge_attribution
task165,53e9c882554c9f8c,2351,2416,-65,1,ryosuke-7266-48,0,,,,ridge_attribution
task148,b7e178f9e6bde90f,5154,5216,-62,3,franksunp-7245-63;hoangvux-neurogolf;jonathan-7242-task-graft,0,,,,ridge_attribution
task109,3c6b37fc186b6700,1831,1892,-61,4,franksunp-7225-19;franksunp-7245-63;hoangvux-neurogolf;jonathan-7242-task-graft,0,,,,ridge_attribution
task150,f7b9a9bc8ebf4522,498,559,-61,1,franksunp-7225-19,0,,,,ridge_attribution
task155,b38282884870cf44,536,593,-57,1,franksunp-7225-19,0,,,,ridge_attribution
task121,4afca028f60b2608,2529,2583,-54,4,franksunp-7225-19;franksunp-7245-63;hoangvux-neurogolf;jonathan-7242-task-graft,0,,,,ridge_attribution
task264,0028543020f32203,8368,8422,-54,2,franksunp-7245-63;jonathan-task-graft-7250,0,,,,ridge_attribution
task185,3b5a8d468c177c61,3979,4032,-53,4,franksunp-7225-19;franksunp-7245-63;hoangvux-neurogolf;jonathan-7242-task-graft,0,,,,ridge_attribution
task034,9ec3f2b03b34ec76,1931,1984,-53,1,franksunp-7245-63,0,,,,ridge_attribution
task096,ac01042e7f3ba25e,13930,13981,-51,2,hoangvux-neurogolf;jonathan-7242-task-graft,0,,,,ridge_attribution
task196,a39f471d5d0abf31,1177,1227,-50,4,franksunp-7225-19;franksunp-7245-63;hoangvux-neurogolf;jonathan-7242-task-graft,0,,,,ridge_attribution
task017,326bfb645c981339,6179,6229,-50,3,franksunp-7245-63;hoangvux-neurogolf;jonathan-7242-task-graft,0,,,,ridge_attribution
task168,bc5deb57f3f31436,2859,2908,-49,4,franksunp-7225-19;franksunp-7245-63;hoangvux-neurogolf;jonathan-7242-task-graft,0,,,,ridge_attribution
task023,0a83bc37d7ef6c3c,17605,17654,-49,1,jonathan-task-graft-7250,0,,,,ridge_attribution
task355,1c6791f49da66337,1368,1415,-47,1,franksunp-7225-19,0,,,,ridge_attribution
task039,1f5e53de827ffc9c,806,852,-46,4,franksunp-7225-19;franksunp-7245-63;hoangvux-neurogolf;jonathan-7242-task-graft,0,,,,ridge_attribution
task146,63caf65f8d8b77a4,942,988,-46,5,franksunp-7225-19;franksunp-7245-63;hoangvux-neurogolf;jonathan-7242-task-graft;jonathan-task-graft-7250,0,,,,ridge_attribution
task291,b2212d14a2771ceb,449,495,-46,4,franksunp-7225-19;franksunp-7245-63;hoangvux-neurogolf;jonathan-7242-task-graft,0,,,,ridge_attribution
task334,4239f77707935605,1877,1921,-44,2,franksunp-7245-63;hoangvux-neurogolf,0,,,,ridge_attribution
task027,dba1d53af49771f1,1929,1971,-42,3,franksunp-7225-19;hoangvux-neurogolf;jonathan-7242-task-graft,0,,,,ridge_attribution
task156,31e4684b68de6a47,3036,3078,-42,4,franksunp-7225-19;franksunp-7245-63;hoangvux-neurogolf;jonathan-7242-task-graft,0,,,,ridge_attribution
task277,0f251ad53cc85ead,1679,1721,-42,2,hoangvux-neurogolf;jonathan-7242-task-graft,0,,,,ridge_attribution
task319,067ea15a120f2e85,10335,10377,-42,1,jonathan-task-graft-7250,0,,,,ridge_attribution
task259,1ad9f4c0344d8a6b,3691,3731,-40,4,franksunp-7225-19;franksunp-7245-63;hoangvux-neurogolf;jonathan-7242-task-graft,0,,,,ridge_attribution
task184,12e493fb0a3e728a,1891,1931,-40,3,franksunp-7245-63;hoangvux-neurogolf;jonathan-7242-task-graft,0,,,,ridge_attribution
task225,ca05d356f02f20af,3680,3719,-39,3,franksunp-7225-19;hoangvux-neurogolf;jonathan-7242-task-graft,0,,,,ridge_attribution
task247,ab2c685a04c87b7a,1606,1644,-38,5,franksunp-7225-19;franksunp-7245-63;hoangvux-neurogolf;jonathan-7242-task-graft;jonathan-task-graft-7250,0,,,,ridge_attribution
task327,09cc0b070db49bb2,964,1002,-38,4,franksunp-7225-19;franksunp-7245-63;hoangvux-neurogolf;jonathan-7242-task-graft,0,,,,ridge_attribution
task268,c3f06580a42999a0,5410,5447,-37,1,jonathan-task-graft-7250,0,,,,ridge_attribution
task041,1f0ec31dd6f1ca67,1318,1354,-36,3,franksunp-7225-19;hoangvux-neurogolf;jonathan-7242-task-graft,0,,,,ridge_attribution
task089,7210f6ceeee6e317,6600,6635,-35,3,franksunp-7245-63;hoangvux-neurogolf;jonathan-7242-task-graft,0,,,,ridge_attribution
task266,8e31fa4e88e3fa70,1110,1142,-32,1,franksunp-7225-19,0,,,,ridge_attribution
task319,cd27fab7e8592c93,10350,10377,-27,1,hoangvux-neurogolf,0,,,,ridge_attribution
task341,f18e1aa4c88cd274,3500,3522,-22,4,franksunp-7225-19;franksunp-7245-63;hoangvux-neurogolf;jonathan-7242-task-graft,0,,,,ridge_attribution
task010,9814568ed9eca5cf,1470,1491,-21,2,franksunp-7225-19;jonathan-7242-task-graft,0,,,,ridge_attribution
task062,d9a92f2e416e5100,4117,4138,-21,4,franksunp-7225-19;franksunp-7245-63;hoangvux-neurogolf;jonathan-7242-task-graft,0,,,,ridge_attribution
task115,934563abdff36878,3419,3437,-18,5,franksunp-7225-19;franksunp-7245-63;hoangvux-neurogolf;jonathan-7242-task-graft;jonathan-task-graft-7250,0,,,,ridge_attribution
task355,3ecbaa6ef60305dd,1398,1415,-17,1,jonathan-7242-task-graft,0,,,,ridge_attribution
task153,2a003d099760f269,5608,5624,-16,4,franksunp-7225-19;franksunp-7245-63;hoangvux-neurogolf;jonathan-7242-task-graft,0,,,,ridge_attribution
task382,8020ce6b9b7927d4,6722,6737,-15,1,jonathan-task-graft-7250,0,,,,ridge_attribution
task029,260934e99109cfb6,2343,2354,-11,3,franksunp-7225-19;hoangvux-neurogolf;jonathan-7242-task-graft,0,,,,ridge_attribution
task192,607a270219a55c8e,1151,1161,-10,1,hanif-epic-sax,0,,,,ridge_attribution
task046,f35fe01a5e710ba1,6501,6509,-8,3,franksunp-7225-19;hoangvux-neurogolf;jonathan-7242-task-graft,0,,,,ridge_attribution
task378,59a2c5b5241b0fe3,5064,5072,-8,1,hanif-epic-sax,0,,,,ridge_attribution
task134,dcba1bda5db98c57,3405,3413,-8,1,jonathan-task-graft-7250,0,,,,ridge_attribution
task065,9db27fca5c1383b6,2192,2196,-4,3,franksunp-7225-19;hoangvux-neurogolf;jonathan-7242-task-graft,0,,,,ridge_attribution
task368,65a5a8b8a7b4477c,2108,2111,-3,1,hanif-epic-sax,0,,,,ridge_attribution
task044,2fa9663f905581fb,14822,14824,-2,1,hanif-epic-sax,0,,,,ridge_attribution
task267,70c01eb1691b6c30,841,841,0,4,franksunp-7225-19;franksunp-7245-63;hoangvux-neurogolf;jonathan-7242-task-graft,0,,,,ridge_attribution
task079,e0af3ba95e2388aa,3101,3101,0,1,ryosuke-7266-48,0,,,,ridge_attribution
task193,96351709674fd0b1,3825,3824,1,1,franksunp-7245-63,0,,,,ridge_attribution
task182,39ebf10aa5186916,2137,2135,2,3,franksunp-7245-63;hoangvux-neurogolf;jonathan-7242-task-graft,0,,,,ridge_attribution
task400,3718b08382e7e4e2,737,735,2,1,hoangvux-neurogolf,0,,,,ridge_attribution
task002,371d6bb5ff9574aa,12838,12833,5,1,jonathan-7242-task-graft,0,,,,ridge_attribution
task182,e17c94e686e22cd5,2142,2135,7,1,franksunp-7225-19,0,,,,ridge_attribution
task173,b5fec42632346033,4082,4073,9,2,hoangvux-neurogolf;jonathan-7242-task-graft,0,,,,ridge_attribution
task226,3e2064f8ec9b68d2,1989,1979,10,1,franksunp-7225-19,0,,,,ridge_attribution
task118,cb29898243f72d81,1861,1846,15,3,franksunp-7225-19;hoangvux-neurogolf;jonathan-7242-task-graft,0,,,,ridge_attribution
task002,f1e1cdaea62876e3,12848,12833,15,1,hoangvux-neurogolf,0,,,,ridge_attribution
task191,6371199593660110,6754,6738,16,1,jonathan-7242-task-graft,0,,,,ridge_attribution
task003,cefd63037a233110,1326,1309,17,4,franksunp-7225-19;franksunp-7245-63;hoangvux-neurogolf;jonathan-7242-task-graft,0,,,,ridge_attribution
task351,dc408f13bb3fb4f1,1008,990,18,3,franksunp-7225-19;hoangvux-neurogolf;jonathan-7242-task-graft,0,,,,ridge_attribution
task191,8dd6c5feaed965c4,6756,6738,18,2,franksunp-7245-63;hoangvux-neurogolf,0,,,,ridge_attribution
task212,8e8c8372b1bd772a,1578,1559,19,1,franksunp-7245-63,0,,,,ridge_attribution
task014,42420cafd147adf4,2770,2751,19,1,ryosuke-7266-48,0,,,,ridge_attribution
task263,1bbb574ed3ea7019,4197,4176,21,1,franksunp-7225-19,0,,,,ridge_attribution
task319,d0638dc9950b627e,10400,10377,23,1,jonathan-7242-task-graft,0,,,,ridge_attribution
task046,8a112cb8c948fd2b,6535,6509,26,2,franksunp-7245-63;jonathan-task-graft-7250,0,,,,ridge_attribution
task242,6b8777811f0f4add,1081,1055,26,1,franksunp-7245-63,0,,,,ridge_attribution
task178,78ff506456ed57be,4625,4598,27,3,franksunp-7225-19;hoangvux-neurogolf;jonathan-7242-task-graft,0,,,,ridge_attribution
task063,7179968d62b81439,1001,972,29,1,jonathan-task-graft-7250,0,,,,ridge_attribution
task242,c26c817a81583a92,1085,1055,30,3,franksunp-7225-19;hoangvux-neurogolf;jonathan-7242-task-graft,0,,,,ridge_attribution
task145,04d677cb25bccfa3,3908,3877,31,1,franksunp-7225-19,0,,,,ridge_attribution
task165,29ff3a6b1efdc648,2447,2416,31,2,franksunp-7245-63;hoangvux-neurogolf,0,,,,ridge_attribution
task351,2a1e94edd29295f8,1022,990,32,1,franksunp-7245-63,0,,,,ridge_attribution
task368,0e08d5513fd9ef25,2144,2111,33,1,ryosuke-7266-48,0,,,,ridge_attribution
task183,ecd0cb53a9ebb55d,6502,6467,35,3,franksunp-7225-19;hoangvux-neurogolf;jonathan-7242-task-graft,0,,,,ridge_attribution
task112,b6e3ebf4ff663aca,4830,4795,35,1,jonathan-task-graft-7250,0,,,,ridge_attribution
task213,f22f98fb4f8a0ecf,5165,5128,37,3,franksunp-7225-19;hoangvux-neurogolf;jonathan-7242-task-graft,0,,,,ridge_attribution
task206,8c11b6c3cb0e0fd5,2535,2498,37,2,franksunp-7245-63;jonathan-task-graft-7250,0,,,,ridge_attribution
task123,ca514894ab5c40bd,4960,4922,38,1,franksunp-7225-19,0,,,,ridge_attribution
task208,1e1afe2507c8ab64,4098,4059,39,1,jonathan-7242-task-graft,0,,,,ridge_attribution
task340,47de9759a41635c2,3563,3524,39,1,jonathan-task-graft-7250,0,,,,ridge_attribution
task165,6d7aac37bdc6d689,2457,2416,41,1,jonathan-task-graft-7250,0,,,,ridge_attribution
task171,bba4826e537b460b,820,774,46,6,franksunp-7245-63;hoangvux-neurogolf;jonathan-7242-task-graft;jonathan-merged91-workbench;jonathan-task-graft-7250;ryosuke-7266-48,0,,,,ridge_attribution
task059,bcab5698fb5dcc57,2069,2021,48,5,franksunp-7225-19;franksunp-7245-63;hoangvux-neurogolf;jonathan-7242-task-graft;jonathan-task-graft-7250,0,,,,ridge_attribution
task089,d62221b1273f7eb2,6683,6635,48,1,franksunp-7225-19,0,,,,ridge_attribution
task050,7cc479b21faf4e24,926,875,51,4,franksunp-7225-19;franksunp-7245-63;hoangvux-neurogolf;jonathan-7242-task-graft,0,,,,ridge_attribution
task165,78f2759837e904e8,2469,2416,53,1,jonathan-7242-task-graft,0,,,,ridge_attribution
task092,43e5c6ca0654ebfe,9913,9855,58,1,jonathan-7242-task-graft,0,,,,ridge_attribution
task349,0b174376f404bed7,2723,2664,59,3,franksunp-7225-19;hoangvux-neurogolf;jonathan-7242-task-graft,0,,,,ridge_attribution
task255,2bac2600ec8951cd,11498,11436,62,2,franksunp-7245-63;hoangvux-neurogolf,0,,,,ridge_attribution
task020,ced4b3bcf67806c4,3398,3335,63,1,jonathan-task-graft-7250,0,,,,ridge_attribution
task368,3735a71a8bfbbe0b,2174,2111,63,1,lucifer-compression-core,0,,,,ridge_attribution
task293,09ca67e313486648,2706,2641,65,1,franksunp-7225-19,0,,,,ridge_attribution
task019,3cf182918e80ef59,1936,1868,68,1,jonathan-task-graft-7250,0,,,,ridge_attribution
task009,5bfbb20505b2e118,1943,1874,69,5,franksunp-7225-19;franksunp-7245-63;hoangvux-neurogolf;jonathan-7242-task-graft;jonathan-task-graft-7250,0,,,,ridge_attribution
task209,8c75bc2fb307757d,6768,6699,69,2,hoangvux-neurogolf;jonathan-7242-task-graft,0,,,,ridge_attribution
task112,55f02ce8c664d6b6,4870,4795,75,2,franksunp-7225-19;jonathan-7242-task-graft,0,,,,ridge_attribution
task285,0175456bc268d2a9,5177,5102,75,2,franksunp-7245-63;jonathan-task-graft-7250,0,,,,ridge_attribution
task382,7d3a5888116cf7a3,6814,6737,77,1,hanif-epic-sax,0,,,,ridge_attribution
task400,342b2510310e7238,812,735,77,1,jonathan-7242-task-graft,0,,,,ridge_attribution
task340,db1c3d6fbb977384,3602,3524,78,1,jonathan-7242-task-graft,0,,,,ridge_attribution
task400,b755a39515da22b3,818,735,83,1,franksunp-7225-19,0,,,,ridge_attribution
task329,2d3a7bbf6b2f2f47,1155,1068,87,3,franksunp-7225-19;hoangvux-neurogolf;jonathan-7242-task-graft,0,,,,ridge_attribution
task208,a0fab277cbb6854e,4147,4059,88,1,jonathan-task-graft-7250,0,,,,ridge_attribution
task076,1b8f02dec27c2bac,9860,9771,89,1,franksunp-7245-63,0,,,,ridge_attribution
task285,f3f2eab72f4df6ad,5194,5102,92,1,jonathan-7242-task-graft,0,,,,ridge_attribution
task076,6b14e6faec4371bf,9866,9771,95,1,franksunp-7225-19,0,,,,ridge_attribution
task237,b3eb6a43d1a958c3,4864,4768,96,3,franksunp-7245-63;hoangvux-neurogolf;jonathan-7242-task-graft,0,,,,ridge_attribution
task004,869388ac1645c082,1531,1433,98,1,franksunp-7225-19,0,,,,ridge_attribution
task238,000cf22f5f3c7c90,5153,5055,98,4,franksunp-7225-19;franksunp-7245-63;hoangvux-neurogolf;jonathan-7242-task-graft,0,,,,ridge_attribution
task384,2aa79333625d1dfe,1833,1731,102,2,franksunp-7225-19;jonathan-7242-task-graft,0,,,,ridge_attribution
task392,680db0f23ee10054,5019,4913,106,2,franksunp-7225-19;jonathan-7242-task-graft,0,,,,ridge_attribution
task107,a48aee82a962e684,5774,5666,108,2,franksunp-7245-63;jonathan-task-graft-7250,0,,,,ridge_attribution
task205,d47afd18a1bbd170,5554,5446,108,1,lucifer-compression-core,0,,,,ridge_attribution
task281,e2a076394b43971e,3333,3224,109,1,jonathan-task-graft-7250,0,,,,ridge_attribution
task260,558e99c11eced06a,4562,4450,112,2,franksunp-7245-63;hoangvux-neurogolf,0,,,,ridge_attribution
task286,59a395f94de57881,111871,111759,112,1,jonathan-task-graft-7250,0,,,,ridge_attribution
task213,e4cc3948ab83d254,5254,5128,126,1,franksunp-7245-63,0,,,,ridge_attribution
task237,58ec970c0c3b48e5,4897,4768,129,1,franksunp-7225-19,0,,,,ridge_attribution
task208,a5a3071e05a2727a,4191,4059,132,2,franksunp-7245-63;hoangvux-neurogolf,0,,,,ridge_attribution
task255,514ad701329530b3,11577,11436,141,1,jonathan-7242-task-graft,0,,,,ridge_attribution
task260,c8e00447a3de6138,4594,4450,144,2,franksunp-7225-19;jonathan-7242-task-graft,0,,,,ridge_attribution
task132,663393cc34341480,5180,5034,146,1,ryosuke-7266-48,0,,,,ridge_attribution
task067,4e3a67d23c2347da,296,145,151,1,franksunp-7225-19,0,,,,ridge_attribution
task285,097b7fdedec4705a,5253,5102,151,1,hoangvux-neurogolf,0,,,,ridge_attribution
task359,bbd542de8fec6ed8,1770,1617,153,3,franksunp-7245-63;hoangvux-neurogolf;jonathan-task-graft-7250,0,,,,ridge_attribution
task107,f2b4eb095657860d,5819,5666,153,2,hoangvux-neurogolf;jonathan-7242-task-graft,0,,,,ridge_attribution
task017,2d4bb9f9d75a6eb9,6383,6229,154,1,franksunp-7225-19,0,,,,ridge_attribution
task236,efa746c302020a34,743,587,156,1,franksunp-7225-19,0,,,,ridge_attribution
task076,90433b5f5edaa18a,9927,9771,156,1,jonathan-task-graft-7250,0,,,,ridge_attribution
task050,9924035d8f5d91b6,1032,875,157,1,jonathan-task-graft-7250,0,,,,ridge_attribution
task010,3fad3151b2d937af,1651,1491,160,2,franksunp-7245-63;hoangvux-neurogolf,0,,,,ridge_attribution
task011,6a2e5ff56b58fbc6,1686,1525,161,4,franksunp-7225-19;franksunp-7245-63;hoangvux-neurogolf;jonathan-7242-task-graft,0,,,,ridge_attribution
task002,2b281b00c89793b4,12996,12833,163,1,franksunp-7225-19,0,,,,ridge_attribution
task324,2eaa00dd8a156882,4388,4223,165,1,hanif-epic-sax,0,,,,ridge_attribution
task260,495db0a0d1710136,4624,4450,174,1,jonathan-task-graft-7250,0,,,,ridge_attribution
task398,c45c3f666d37eca0,5773,5596,177,2,franksunp-7245-63;jonathan-task-graft-7250,0,,,,ridge_attribution
task398,1a82ad3dfd4ed359,5780,5596,184,3,franksunp-7225-19;hoangvux-neurogolf;jonathan-7242-task-graft,0,,,,ridge_attribution
task359,25add8a8327c4f4c,1804,1617,187,2,franksunp-7225-19;jonathan-7242-task-graft,0,,,,ridge_attribution
task340,c6dd1865688c9603,3712,3524,188,2,franksunp-7245-63;hoangvux-neurogolf,0,,,,ridge_attribution
task112,69a5ace3c6ec4508,4985,4795,190,1,hoangvux-neurogolf,0,,,,ridge_attribution
task131,b3647df9397f2287,5712,5512,200,1,ryosuke-7266-48,0,,,,ridge_attribution
task107,b148a4e8caa4588d,5871,5666,205,1,franksunp-7225-19,0,,,,ridge_attribution
task342,e958696761efadf5,5059,4846,213,3,franksunp-7225-19;hoangvux-neurogolf;jonathan-7242-task-graft,0,,,,ridge_attribution
task157,b6ff25ee8ff7cbd1,39276,39061,215,1,ryosuke-7266-48,0,,,,ridge_attribution
task268,7020945e8d74c683,5663,5447,216,2,hoangvux-neurogolf;jonathan-7242-task-graft,0,,,,ridge_attribution
task022,3d4f65133a72e7a6,3677,3457,220,3,franksunp-7225-19;hoangvux-neurogolf;jonathan-7242-task-graft,0,,,,ridge_attribution
task096,56772127c4604b4c,14209,13981,228,1,seddik-all-graph-surgeries,0,,,,ridge_attribution
task382,162813ae1554b927,6972,6737,235,3,franksunp-7245-63;hoangvux-neurogolf;jonathan-7242-task-graft,0,,,,ridge_attribution
task200,51e42b7f30d07103,1562,1326,236,4,franksunp-7225-19;franksunp-7245-63;hoangvux-neurogolf;jonathan-7242-task-graft,0,,,,ridge_attribution
task096,95efb422f5ce6c8c,14230,13981,249,1,franksunp-7225-19,0,,,,ridge_attribution
task055,9972c461c4a24a57,1761,1511,250,1,jonathan-task-graft-7250,0,,,,ridge_attribution
task076,04cd4eaaa70f932d,10022,9771,251,1,hoangvux-neurogolf,0,,,,ridge_attribution
task215,e7d7d8883a7813cf,1235,984,251,2,hoangvux-neurogolf;jonathan-task-graft-7250,0,,,,ridge_attribution
task268,d42ed7a10a98c542,5699,5447,252,1,franksunp-7245-63,0,,,,ridge_attribution
task215,a4b558efc599055e,1248,984,264,1,franksunp-7245-63,0,,,,ridge_attribution
task133,191508739676f900,7091,6827,264,1,jonathan-task-graft-7250,0,,,,ridge_attribution
task014,28197d73cd5dc214,3020,2751,269,1,franksunp-7225-19,0,,,,ridge_attribution
task076,188bdfad8313c7e3,10043,9771,272,1,jonathan-7242-task-graft,0,,,,ridge_attribution
task030,69491c999b4b5bf9,2880,2606,274,2,franksunp-7245-63;jonathan-task-graft-7250,0,,,,ridge_attribution
task215,d01db087e600bc31,1259,984,275,1,jonathan-7242-task-graft,0,,,,ridge_attribution
task260,98e2d5962f4465ef,4726,4450,276,1,hanif-epic-sax,0,,,,ridge_attribution
task133,620d15da2c8b87e9,7116,6827,289,1,franksunp-7245-63,0,,,,ridge_attribution
task055,706a7fb0859585c5,1801,1511,290,2,franksunp-7225-19;jonathan-7242-task-graft,0,,,,ridge_attribution
task055,b241d2e0e91466a1,1811,1511,300,1,hoangvux-neurogolf,0,,,,ridge_attribution
task245,b9496763af89ad49,2149,1848,301,5,franksunp-7225-19;franksunp-7245-63;hoangvux-neurogolf;jonathan-7242-task-graft;jonathan-task-graft-7250,0,,,,ridge_attribution
task367,f8b5977b9db393af,2397,2093,304,1,jonathan-merged91-workbench,0,,,,ridge_attribution
task112,31c1fb8c7a7117d5,5104,4795,309,1,franksunp-7245-63,0,,,,ridge_attribution
task215,c5468c25dded1019,1298,984,314,1,franksunp-7225-19,0,,,,ridge_attribution
task002,45a5e0ebf301b5e7,13153,12833,320,1,franksunp-7245-63,0,,,,ridge_attribution
task255,ca6979b76c51396d,11769,11436,333,1,franksunp-7225-19,0,,,,ridge_attribution
task035,434e3efee9201cec,6819,6483,336,1,jonathan-task-graft-7250,0,,,,ridge_attribution
task055,ef9931d972e28340,1851,1511,340,1,franksunp-7245-63,0,,,,ridge_attribution
task200,ca3bbd0ad88d1caa,1671,1326,345,1,jonathan-task-graft-7250,0,,,,ridge_attribution
task085,c3c08cc90d94cf57,3853,3506,347,5,franksunp-7225-19;franksunp-7245-63;hoangvux-neurogolf;jonathan-7242-task-graft;jonathan-task-graft-7250,0,,,,ridge_attribution
task286,0ed408388fe19e5b,112108,111759,349,1,franksunp-7245-63,0,,,,ridge_attribution
task157,fe605320ba0aae47,39429,39061,368,1,jonathan-task-graft-7250,0,,,,ridge_attribution
task133,2023912e164edfe5,7212,6827,385,2,hoangvux-neurogolf;jonathan-7242-task-graft,0,,,,ridge_attribution
task246,613706052cc2de23,2998,2599,399,3,franksunp-7225-19;hoangvux-neurogolf;jonathan-7242-task-graft,0,,,,ridge_attribution
task048,0c4ad4580ff998cf,6389,5977,412,1,franksunp-7245-63,0,,,,ridge_attribution
task250,974870881dfe2b8b,3518,3095,423,2,franksunp-7245-63;jonathan-task-graft-7250,0,,,,ridge_attribution
task219,fe61360879286dc2,9882,9456,426,1,jonathan-task-graft-7250,0,,,,ridge_attribution
task246,fd80e391cdbb997c,3037,2599,438,1,franksunp-7245-63,0,,,,ridge_attribution
task066,2809e4a0a7082d0a,15076,14638,438,1,ryosuke-7266-48,0,,,,ridge_attribution
task048,806dc06704804817,6422,5977,445,3,franksunp-7225-19;hoangvux-neurogolf;jonathan-7242-task-graft,0,,,,ridge_attribution
task319,f3da12690925e1c6,10826,10377,449,1,franksunp-7245-63,0,,,,ridge_attribution
task279,82b790ee80f37c56,2573,2111,462,4,franksunp-7225-19;franksunp-7245-63;hoangvux-neurogolf;jonathan-7242-task-graft,0,,,,ridge_attribution
task286,ffe43f190c96d30e,112223,111759,464,1,jonathan-7242-task-graft,0,,,,ridge_attribution
task246,3ebec2bf44f73fa3,3079,2599,480,1,jonathan-task-graft-7250,0,,,,ridge_attribution
task030,d3a9629c98620e7f,3088,2606,482,3,franksunp-7225-19;hoangvux-neurogolf;jonathan-7242-task-graft,0,,,,ridge_attribution
task396,17eaab94c8e4d1c2,3974,3481,493,1,jonathan-task-graft-7250,0,,,,ridge_attribution
task279,9f811a487eb0f926,2615,2111,504,1,jonathan-task-graft-7250,0,,,,ridge_attribution
task066,f847b8fa230456d8,15146,14638,508,1,jonathan-task-graft-7250,0,,,,ridge_attribution
task080,96169ca4b3906a15,6783,6266,517,1,jonathan-7242-task-graft,0,,,,ridge_attribution
task396,cbb96de0923c48af,4003,3481,522,2,hoangvux-neurogolf;jonathan-7242-task-graft,0,,,,ridge_attribution
task001,f3b75b26fa67786c,1326,795,531,4,franksunp-7225-19;franksunp-7245-63;hoangvux-neurogolf;jonathan-7242-task-graft,0,,,,ridge_attribution
task278,65bccb839fd890a7,1286,751,535,1,franksunp-7225-19,0,,,,ridge_attribution
task256,dd95ac7cb55e199f,2052,1504,548,4,franksunp-7245-63;hoangvux-neurogolf;jonathan-7242-task-graft;jonathan-task-graft-7250,0,,,,ridge_attribution
task174,a757f11fca346ba8,4209,3656,553,1,hoangvux-neurogolf,0,,,,ridge_attribution
task054,9050f5f66d3b18b6,24360,23797,563,1,jonathan-7242-task-graft,0,,,,ridge_attribution
task154,387b3c51b1ea5b2e,4298,3733,565,1,jonathan-task-graft-7250,0,,,,ridge_attribution
task189,b2acc03892439ffe,2404,1838,566,4,franksunp-7225-19;franksunp-7245-63;hoangvux-neurogolf;jonathan-7242-task-graft,0,,,,ridge_attribution
task080,8a8343062f884b05,6835,6266,569,3,franksunp-7245-63;hoangvux-neurogolf;jonathan-task-graft-7250,0,,,,ridge_attribution
task198,88abfc246ae8edb6,5165,4587,578,1,franksunp-7225-19,0,,,,ridge_attribution
task233,953feefc77e48455,20717,20139,578,1,jonathan-7242-task-graft,0,,,,ridge_attribution
task077,eedb7f279c25f513,1560,979,581,3,franksunp-7245-63;hoangvux-neurogolf;jonathan-7242-task-graft,0,,,,ridge_attribution
task174,fd8f1b0104a5a63b,4249,3656,593,1,franksunp-7225-19,0,,,,ridge_attribution
task054,7b3a41328edc8355,24392,23797,595,1,hoangvux-neurogolf,0,,,,ridge_attribution
task174,ce236b93f61ff973,4255,3656,599,1,jonathan-7242-task-graft,0,,,,ridge_attribution
task233,708e218df5f97724,20739,20139,600,1,hoangvux-neurogolf,0,,,,ridge_attribution
task174,a57a437f42e52db6,4259,3656,603,1,jonathan-task-graft-7250,0,,,,ridge_attribution
task154,f4e814bce5d28677,4350,3733,617,4,franksunp-7225-19;franksunp-7245-63;hoangvux-neurogolf;jonathan-7242-task-graft,0,,,,ridge_attribution
task037,b430450292159962,4098,3481,617,2,hoangvux-neurogolf;jonathan-7242-task-graft,0,,,,ridge_attribution
task077,206b221b93f66164,1614,979,635,1,jonathan-task-graft-7250,0,,,,ridge_attribution
task004,89c88ced26a9a60a,2070,1433,637,3,franksunp-7245-63;hoangvux-neurogolf;jonathan-7242-task-graft,0,,,,ridge_attribution
task012,71af0140e6840d7f,2880,2240,640,4,franksunp-7225-19;franksunp-7245-63;hoangvux-neurogolf;jonathan-7242-task-graft,0,,,,ridge_attribution
task256,39e08e9fa3b2f176,2144,1504,640,1,franksunp-7225-19,0,,,,ridge_attribution
task174,68183b30fb7d9ea3,4296,3656,640,1,franksunp-7245-63,0,,,,ridge_attribution
task396,1a58c47eda78e63d,4124,3481,643,1,franksunp-7225-19,0,,,,ridge_attribution
task396,7d486e4e6ebed08a,4152,3481,671,1,franksunp-7245-63,0,,,,ridge_attribution
task105,302d69cd545e634d,6507,5826,681,4,anas-championship;jonathan-merged91-workbench;ryosuke-7266-48;seddik-all-graph-surgeries,0,,,,ridge_attribution
task054,a5dc890337069f05,24484,23797,687,1,franksunp-7225-19,0,,,,ridge_attribution
task234,2987af9ae29ceb4e,5282,4594,688,1,franksunp-7225-19,0,,,,ridge_attribution
task071,53ab1a71de49ae24,3800,3098,702,4,franksunp-7225-19;franksunp-7245-63;hoangvux-neurogolf;jonathan-7242-task-graft,0,,,,ridge_attribution
task071,7fdab2e0e52ba43e,3801,3098,703,1,jonathan-task-graft-7250,0,,,,ridge_attribution
task004,e63619bf69fa97f4,2143,1433,710,1,jonathan-task-graft-7250,0,,,,ridge_attribution
task163,fe3a7f65e07afc62,2742,2028,714,3,franksunp-7225-19;hoangvux-neurogolf;jonathan-7242-task-graft,0,,,,ridge_attribution
task278,6df987157db98dcc,1511,751,760,3,franksunp-7245-63;hoangvux-neurogolf;jonathan-7242-task-graft,0,,,,ridge_attribution
task191,0aa732983974979a,7543,6738,805,1,hanif-epic-sax,0,,,,ridge_attribution
task105,6faf28053fe2dfd5,6632,5826,806,5,franksunp-7225-19;franksunp-7245-63;hoangvux-neurogolf;jonathan-7242-task-graft;jonathan-task-graft-7250,0,,,,ridge_attribution
task177,9d18502d3361f4ff,1854,1019,835,4,franksunp-7225-19;franksunp-7245-63;hoangvux-neurogolf;jonathan-7242-task-graft,0,,,,ridge_attribution
task278,fd9c2e02009ce2e5,1621,751,870,1,jonathan-task-graft-7250,0,,,,ridge_attribution
task177,239b00587ca615e5,1890,1019,871,1,jonathan-task-graft-7250,0,,,,ridge_attribution
task134,40f58a7f0ac04e6b,4304,3413,891,4,franksunp-7225-19;franksunp-7245-63;hoangvux-neurogolf;jonathan-7242-task-graft,0,,,,ridge_attribution
task251,1a3f4c3e4c91d99b,2718,1823,895,1,ryosuke-7266-48,0,,,,ridge_attribution
task374,0b46dfaad63761c9,2913,2007,906,1,franksunp-7245-63,0,,,,ridge_attribution
task367,e6d876d2c39271fd,3022,2093,929,2,hoangvux-neurogolf;jonathan-7242-task-graft,0,,,,ridge_attribution
task161,1c99af408bd757ba,3547,2614,933,2,franksunp-7245-63;hoangvux-neurogolf,0,,,,ridge_attribution
task079,ac269c97c17475e2,4043,3101,942,3,franksunp-7225-19;hoangvux-neurogolf;jonathan-7242-task-graft,0,,,,ridge_attribution
task161,0341a7abc94859a1,3557,2614,943,2,franksunp-7225-19;jonathan-7242-task-graft,0,,,,ridge_attribution
task079,16e328e5197d81b9,4080,3101,979,2,franksunp-7245-63;jonathan-task-graft-7250,0,,,,ridge_attribution
task212,a85c7a5b093550fc,2539,1559,980,3,franksunp-7225-19;hoangvux-neurogolf;jonathan-7242-task-graft,0,,,,ridge_attribution
task281,a5535a999c47aeff,4219,3224,995,3,franksunp-7225-19;hoangvux-neurogolf;jonathan-7242-task-graft,0,,,,ridge_attribution
task110,2fd9cf7c3ce15ed1,5451,4445,1006,1,jonathan-task-graft-7250,0,,,,ridge_attribution
task367,b654f95aad5749e9,3103,2093,1010,1,franksunp-7245-63,0,,,,ridge_attribution
task170,5f69c771e096f51b,7313,6286,1027,2,franksunp-7245-63;jonathan-task-graft-7250,0,,,,ridge_attribution
task034,efc1a04231a27deb,3021,1984,1037,3,franksunp-7225-19;hoangvux-neurogolf;jonathan-7242-task-graft,0,,,,ridge_attribution
task363,6d68092be60de92a,4307,3261,1046,1,jonathan-task-graft-7250,0,,,,ridge_attribution
task080,cda4b6b0a599285d,7332,6266,1066,1,franksunp-7225-19,0,,,,ridge_attribution
task110,e589f4a1b534efa3,5519,4445,1074,1,franksunp-7245-63,0,,,,ridge_attribution
task165,1ab248ffed239f6b,3493,2416,1077,1,franksunp-7225-19,0,,,,ridge_attribution
task219,89c5fd4a0fc23626,10569,9456,1113,1,franksunp-7245-63,0,,,,ridge_attribution
task363,8b9f84abd296c576,4381,3261,1120,3,franksunp-7225-19;hoangvux-neurogolf;jonathan-7242-task-graft,0,,,,ridge_attribution
task110,202f936eac2717b1,5569,4445,1124,2,hoangvux-neurogolf;jonathan-7242-task-graft,0,,,,ridge_attribution
task204,8cb1253852bd60d1,4771,3633,1138,1,franksunp-7225-19,0,,,,ridge_attribution
task187,be8b8449d766e02d,13767,12620,1147,1,jonathan-7242-task-graft,0,,,,ridge_attribution
task381,49f94ce11ab251e7,2484,1331,1153,5,franksunp-7225-19;franksunp-7245-63;hoangvux-neurogolf;jonathan-7242-task-graft;jonathan-task-graft-7250,0,,,,ridge_attribution
task110,588103d4d9467606,5606,4445,1161,1,franksunp-7225-19,0,,,,ridge_attribution
task170,2801692c1bdd4769,7449,6286,1163,1,hoangvux-neurogolf,0,,,,ridge_attribution
task374,f411fb2806a2e5ca,3206,2007,1199,1,jonathan-task-graft-7250,0,,,,ridge_attribution
task066,78b8f2d004732f57,15851,14638,1213,1,franksunp-7225-19,0,,,,ridge_attribution
task363,94d327bef08ec513,4501,3261,1240,1,franksunp-7245-63,0,,,,ridge_attribution
task091,e9752a6d5ad862a7,4433,3191,1242,3,franksunp-7225-19;hoangvux-neurogolf;jonathan-7242-task-graft,0,,,,ridge_attribution
task330,a300267bbbf99afc,2815,1556,1259,5,franksunp-7225-19;franksunp-7245-63;hoangvux-neurogolf;jonathan-7242-task-graft;jonathan-task-graft-7250,0,,,,ridge_attribution
task170,7d6cc54e2b6383c1,7561,6286,1275,2,franksunp-7225-19;jonathan-7242-task-graft,0,,,,ridge_attribution
task338,74259875525a96c7,4065,2715,1350,2,franksunp-7225-19;jonathan-7242-task-graft,0,,,,ridge_attribution
task197,d533558b0dd9bee3,2346,986,1360,1,franksunp-7225-19,0,,,,ridge_attribution
task063,9249608fda03f00f,2397,972,1425,3,franksunp-7245-63;hoangvux-neurogolf;jonathan-7242-task-graft,0,,,,ridge_attribution
task031,817102e0ea4a4154,3866,2433,1433,4,franksunp-7225-19;franksunp-7245-63;hoangvux-neurogolf;jonathan-7242-task-graft,0,,,,ridge_attribution
task132,bfdea38bb4a08e8f,6471,5034,1437,5,franksunp-7225-19;franksunp-7245-63;hoangvux-neurogolf;jonathan-7242-task-graft;jonathan-task-graft-7250,0,,,,ridge_attribution
task063,a0285c834760d02c,2419,972,1447,1,franksunp-7225-19,0,,,,ridge_attribution
task224,f980b16ee5375598,3484,1924,1560,4,franksunp-7225-19;franksunp-7245-63;hoangvux-neurogolf;jonathan-7242-task-graft,0,,,,ridge_attribution
task224,2bb1df4b39e65844,3524,1924,1600,1,jonathan-task-graft-7250,0,,,,ridge_attribution
task086,a518c10da3fd4784,3013,1330,1683,4,franksunp-7225-19;franksunp-7245-63;hoangvux-neurogolf;jonathan-7242-task-graft,0,,,,ridge_attribution
task205,92093be4e2c25cc7,7138,5446,1692,1,franksunp-7225-19,0,,,,ridge_attribution
task091,4add9cc51ebb2876,4896,3191,1705,2,franksunp-7245-63;jonathan-task-graft-7250,0,,,,ridge_attribution
task086,09729bcf52fe9e44,3055,1330,1725,1,jonathan-task-graft-7250,0,,,,ridge_attribution
task370,b7d79959c1180e61,8433,6646,1787,2,hoangvux-neurogolf;jonathan-7242-task-graft,0,,,,ridge_attribution
task066,ddda29a1712f35c3,16522,14638,1884,1,jonathan-7242-task-graft,0,,,,ridge_attribution
task219,1dad58a8d35f8b6a,11346,9456,1890,1,hoangvux-neurogolf,0,,,,ridge_attribution
task387,19289762f5eec85f,5797,3876,1921,1,ryosuke-7266-48,0,,,,ridge_attribution
task020,e482f2f3bf991e2a,5257,3335,1922,2,hoangvux-neurogolf;jonathan-7242-task-graft,0,,,,ridge_attribution
task020,ab720fb532a07b92,5340,3335,2005,1,franksunp-7245-63,0,,,,ridge_attribution
task370,0f16bab7d2428924,8660,6646,2014,1,franksunp-7225-19,0,,,,ridge_attribution
task066,2c5978e00779d8fa,16666,14638,2028,1,hoangvux-neurogolf,0,,,,ridge_attribution
task020,46410b6950745fbf,5375,3335,2040,1,franksunp-7225-19,0,,,,ridge_attribution
task370,400fb899ebd065e5,8709,6646,2063,1,jonathan-task-graft-7250,0,,,,ridge_attribution
task370,5d45ac982b9a6eb9,8715,6646,2069,1,franksunp-7245-63,0,,,,ridge_attribution
task219,432c3e4d5e9be395,11579,9456,2123,1,jonathan-7242-task-graft,0,,,,ridge_attribution
task374,cc5fabd2dfd94fbb,4276,2007,2269,3,franksunp-7225-19;hoangvux-neurogolf;jonathan-7242-task-graft,0,,,,ridge_attribution
task077,cce740c314b0961f,3281,979,2302,1,franksunp-7225-19,0,,,,ridge_attribution
task335,c8409fa8d9e5d5cb,4110,1714,2396,4,franksunp-7225-19;franksunp-7245-63;hoangvux-neurogolf;jonathan-7242-task-graft,0,,,,ridge_attribution
task335,54956e341c555c80,4124,1714,2410,1,jonathan-task-graft-7250,0,,,,ridge_attribution
task387,e5a9e5497f5ae573,6309,3876,2433,1,jonathan-task-graft-7250,0,,,,ridge_attribution
task387,2bf200259979754f,6314,3876,2438,1,franksunp-7245-63,0,,,,ridge_attribution
task387,7bcf7aa39eafcc44,6318,3876,2442,1,hoangvux-neurogolf,0,,,,ridge_attribution
task014,0c91fd42d9fe1e43,5223,2751,2472,4,franksunp-7245-63;hoangvux-neurogolf;jonathan-7242-task-graft;jonathan-task-graft-7250,0,,,,ridge_attribution
task219,7cb884fceabd4682,11960,9456,2504,1,franksunp-7225-19,0,,,,ridge_attribution
task173,041e73c38974f026,6597,4073,2524,1,franksunp-7225-19,0,,,,ridge_attribution
task019,f3376f1732787a7e,4456,1868,2588,4,franksunp-7225-19;franksunp-7245-63;hoangvux-neurogolf;jonathan-7242-task-graft,0,,,,ridge_attribution
task358,b44b4c68a78122ee,5475,2800,2675,4,franksunp-7245-63;hoangvux-neurogolf;jonathan-7242-task-graft;jonathan-task-graft-7250,0,,,,ridge_attribution
task358,0caa8a3946e89367,5512,2800,2712,1,franksunp-7225-19,0,,,,ridge_attribution
task387,ad15437dd0f6bd77,6591,3876,2715,2,franksunp-7225-19;jonathan-7242-task-graft,0,,,,ridge_attribution
task273,4f8f7ee2eb3675b9,4316,1554,2762,4,franksunp-7225-19;franksunp-7245-63;hoangvux-neurogolf;jonathan-7242-task-graft,0,,,,ridge_attribution
task378,1b4efc311d419fbe,7860,5072,2788,1,franksunp-7225-19,0,,,,ridge_attribution
task273,688d80177eb59e18,4353,1554,2799,1,jonathan-task-graft-7250,0,,,,ridge_attribution
task379,a87bcd4de2de8b50,7020,4215,2805,1,ryosuke-7266-48,0,,,,ridge_attribution
task148,759deddf7d50cd6c,8037,5216,2821,1,franksunp-7225-19,0,,,,ridge_attribution
task382,46fc7a48537941ff,9592,6737,2855,1,franksunp-7225-19,0,,,,ridge_attribution
task192,fb1e488c1420b19b,4087,1161,2926,2,franksunp-7245-63;hoangvux-neurogolf,0,,,,ridge_attribution
task283,853623c05b0900b3,3802,856,2946,5,franksunp-7225-19;franksunp-7245-63;hoangvux-neurogolf;jonathan-7242-task-graft;jonathan-task-graft-7250,0,,,,ridge_attribution
task192,6915560e968d4eed,4116,1161,2955,1,jonathan-7242-task-graft,0,,,,ridge_attribution
task192,8bf659565bfe5968,4132,1161,2971,1,jonathan-task-graft-7250,0,,,,ridge_attribution
task324,4f4fb4eb68b8d93c,7230,4223,3007,2,franksunp-7245-63;jonathan-task-graft-7250,0,,,,ridge_attribution
task192,a7f2c0bd11a4e920,4178,1161,3017,1,franksunp-7225-19,0,,,,ridge_attribution
task324,57b90613b84ecf59,7242,4223,3019,3,franksunp-7225-19;hoangvux-neurogolf;jonathan-7242-task-graft,0,,,,ridge_attribution
task171,c0dccfce69e87e53,3825,774,3051,1,franksunp-7225-19,0,,,,ridge_attribution
task378,a59a39264ea68050,8141,5072,3069,2,franksunp-7245-63;hoangvux-neurogolf,0,,,,ridge_attribution
task117,005a8db45ebdf538,5993,2908,3085,1,jonathan-task-graft-7250,0,,,,ridge_attribution
task117,2a0cbcd652223a2b,6033,2908,3125,3,franksunp-7225-19;hoangvux-neurogolf;jonathan-7242-task-graft,0,,,,ridge_attribution
task378,c567079f7bd6f95e,8197,5072,3125,1,jonathan-7242-task-graft,0,,,,ridge_attribution
task378,15fe7e924614e592,8197,5072,3125,1,jonathan-task-graft-7250,0,,,,ridge_attribution
task201,6a714de08e17d95f,7862,4720,3142,1,franksunp-7245-63,0,,,,ridge_attribution
task201,a62ecb2691652119,7991,4720,3271,1,jonathan-task-graft-7250,0,,,,ridge_attribution
task117,18a599d84fbd634c,6187,2908,3279,1,franksunp-7245-63,0,,,,ridge_attribution
task285,7ff43c372d28a374,8537,5102,3435,1,franksunp-7225-19,0,,,,ridge_attribution
task354,120bd39d7615d456,4715,1174,3541,2,franksunp-7225-19;jonathan-7242-task-graft,0,,,,ridge_attribution
task390,f027fd7b39edeb9e,12284,8616,3668,1,jonathan-task-graft-7250,0,,,,ridge_attribution
task390,3cb432e767f5a484,12298,8616,3682,4,franksunp-7225-19;franksunp-7245-63;hoangvux-neurogolf;jonathan-7242-task-graft,0,,,,ridge_attribution
task216,3b61c67262bb7c6d,7559,3827,3732,5,franksunp-7225-19;franksunp-7245-63;hoangvux-neurogolf;jonathan-7242-task-graft;jonathan-task-graft-7250,0,,,,ridge_attribution
task069,136f81fdf75dac39,6653,2903,3750,2,franksunp-7245-63;jonathan-task-graft-7250,0,,,,ridge_attribution
task013,b5fa8e6255bc67e1,6187,2325,3862,2,franksunp-7245-63;hoangvux-neurogolf,0,,,,ridge_attribution
task069,fb09e1f07005c77a,6804,2903,3901,3,franksunp-7225-19;hoangvux-neurogolf;jonathan-7242-task-graft,0,,,,ridge_attribution
task013,f941e8a66d0bcbd3,6309,2325,3984,2,franksunp-7225-19;jonathan-7242-task-graft,0,,,,ridge_attribution
task354,fe433cab4fd57169,5163,1174,3989,1,jonathan-task-graft-7250,0,,,,ridge_attribution
task354,44f2c6ef04c366d0,5170,1174,3996,1,franksunp-7245-63,0,,,,ridge_attribution
task209,068a920db53e2b39,10726,6699,4027,1,franksunp-7225-19,0,,,,ridge_attribution
task206,41b04d54dd74ae9d,6595,2498,4097,1,franksunp-7225-19,0,,,,ridge_attribution
task367,c99cd9e0be1e135c,6232,2093,4139,1,franksunp-7225-19,0,,,,ridge_attribution
task208,10f82653423e7e6f,8272,4059,4213,1,franksunp-7225-19,0,,,,ridge_attribution
task201,9b77bbdd5079a92b,8951,4720,4231,3,franksunp-7225-19;hoangvux-neurogolf;jonathan-7242-task-graft,0,,,,ridge_attribution
task354,df5334abd08cb231,5441,1174,4267,1,hoangvux-neurogolf,0,,,,ridge_attribution
task270,19421e353ce5a96a,8323,3931,4392,2,franksunp-7245-63;jonathan-task-graft-7250,0,,,,ridge_attribution
task270,7aeb2233f4e1e42c,8368,3931,4437,3,franksunp-7225-19;hoangvux-neurogolf;jonathan-7242-task-graft,0,,,,ridge_attribution
task368,9f0440d568fdc2c2,6623,2111,4512,1,franksunp-7225-19,0,,,,ridge_attribution
task361,1ab33e1a43bffbc7,8113,3416,4697,2,franksunp-7245-63;jonathan-task-graft-7250,0,,,,ridge_attribution
task368,8c8ee75fac413cb8,6809,2111,4698,1,jonathan-task-graft-7250,0,,,,ridge_attribution
task361,5d7af045f562848a,8118,3416,4702,3,franksunp-7225-19;hoangvux-neurogolf;jonathan-7242-task-graft,0,,,,ridge_attribution
task368,8e210f25c11ea6e9,6833,2111,4722,1,franksunp-7245-63,0,,,,ridge_attribution
task368,b55f8b82099f000a,6848,2111,4737,2,hoangvux-neurogolf;jonathan-7242-task-graft,0,,,,ridge_attribution
task133,a7781f965f8f395f,11803,6827,4976,1,franksunp-7225-19,0,,,,ridge_attribution
task340,17a94cb8ab982015,8699,3524,5175,1,franksunp-7225-19,0,,,,ridge_attribution
task394,29f7cebc9b90062c,8127,2692,5435,2,franksunp-7245-63;jonathan-task-graft-7250,0,,,,ridge_attribution
task394,48df33bce536222e,8165,2692,5473,3,franksunp-7225-19;hoangvux-neurogolf;jonathan-7242-task-graft,0,,,,ridge_attribution
task131,87216ab70b859e03,11157,5512,5645,1,franksunp-7225-19,0,,,,ridge_attribution
task158,2303d2823191b136,14389,8407,5982,1,franksunp-7245-63,0,,,,ridge_attribution
task333,7b8d0ae6f0702967,7715,1682,6033,2,franksunp-7245-63;jonathan-task-graft-7250,0,,,,ridge_attribution
task333,edbb84e278614915,7841,1682,6159,2,franksunp-7225-19;jonathan-7242-task-graft,0,,,,ridge_attribution
task333,358907ab4d5a3d8b,7841,1682,6159,1,hoangvux-neurogolf,0,,,,ridge_attribution
task158,43f0f0911323e3fa,14610,8407,6203,2,hoangvux-neurogolf;jonathan-7242-task-graft,0,,,,ridge_attribution
task158,c9d4d7470ffd5b42,14872,8407,6465,1,franksunp-7225-19,0,,,,ridge_attribution
task365,1b0f5b0b38a8b741,10795,3836,6959,1,jonathan-task-graft-7250,0,,,,ridge_attribution
task365,762df0af90da3ca1,10869,3836,7033,3,franksunp-7225-19;hoangvux-neurogolf;jonathan-7242-task-graft,0,,,,ridge_attribution
task233,c00b2ae47908ddee,27381,20139,7242,1,jonathan-merged91-workbench,0,,,,ridge_attribution
task365,bd53172a0c3c2150,11155,3836,7319,1,franksunp-7245-63,0,,,,ridge_attribution
task157,f04e494de0775606,46553,39061,7492,1,jonathan-7242-task-graft,0,,,,ridge_attribution
task379,3eee253b42389c21,11991,4215,7776,3,franksunp-7245-63;hoangvux-neurogolf;jonathan-task-graft-7250,0,,,,ridge_attribution
task379,eb8fbbe3cf45fdca,12060,4215,7845,2,franksunp-7225-19;jonathan-7242-task-graft,0,,,,ridge_attribution
task131,07810fd023057f6b,13588,5512,8076,4,franksunp-7245-63;hoangvux-neurogolf;jonathan-7242-task-graft;jonathan-task-graft-7250,0,,,,ridge_attribution
task066,74b103b96d5e79e8,22921,14638,8283,1,franksunp-7245-63,0,,,,ridge_attribution
task284,e488cf1a8425b7b7,12648,3834,8814,1,hoangvux-neurogolf,0,,,,ridge_attribution
task366,4eef270480f81a09,39777,30962,8815,1,jonathan-task-graft-7250,0,,,,ridge_attribution
task284,0c189b66ef2c52f4,12665,3834,8831,2,franksunp-7245-63;jonathan-task-graft-7250,0,,,,ridge_attribution
task157,884b622636ccf11c,48015,39061,8954,1,franksunp-7225-19,0,,,,ridge_attribution
task284,8c4ed80e3b90ad1f,12887,3834,9053,2,franksunp-7225-19;jonathan-7242-task-graft,0,,,,ridge_attribution
task366,3bb98c7f4e625f1b,40180,30962,9218,1,hoangvux-neurogolf,0,,,,ridge_attribution
task157,cd4fdf99d6d38764,48367,39061,9306,1,franksunp-7245-63,0,,,,ridge_attribution
task233,dd4c72555373d0f2,29535,20139,9396,1,franksunp-7225-19,0,,,,ridge_attribution
task366,a2eed301c28be1b9,40467,30962,9505,1,franksunp-7245-63,0,,,,ridge_attribution
task157,c8d427765efef575,48825,39061,9764,1,hoangvux-neurogolf,0,,,,ridge_attribution
task366,2b254585af2f0150,41142,30962,10180,1,jonathan-7242-task-graft,0,,,,ridge_attribution
task366,1df075208db7ef91,41283,30962,10321,1,franksunp-7225-19,0,,,,ridge_attribution
task101,1d36b0aa44194084,23425,10415,13010,1,hoangvux-neurogolf,0,,,,ridge_attribution
task101,2650b6198fd01aeb,23621,10415,13206,1,jonathan-merged91-workbench,0,,,,ridge_attribution
task101,bff385b14661d603,23658,10415,13243,1,franksunp-7225-19,0,,,,ridge_attribution
task101,028acef2c6cc6007,23658,10415,13243,1,jonathan-7242-task-graft,0,,,,ridge_attribution
task101,237f078593d0f35f,23775,10415,13360,1,franksunp-7245-63,0,,,,ridge_attribution
task101,5c36625ab4dc5830,23843,10415,13428,1,jonathan-task-graft-7250,0,,,,ridge_attribution
task328,7899b7741b57aced,22246,3129,19117,1,franksunp-7225-19,0,,,,ridge_attribution
task090,f3bb45978e2abf20,33247,14008,19239,5,franksunp-7225-19;franksunp-7245-63;hoangvux-neurogolf;jonathan-7242-task-graft;jonathan-task-graft-7250,0,,,,ridge_attribution
task328,a10478a4802188e9,22565,3129,19436,1,jonathan-7242-task-graft,0,,,,ridge_attribution
task328,4b38ae9b038e5504,22595,3129,19466,3,franksunp-7245-63;hoangvux-neurogolf;jonathan-task-graft-7250,0,,,,ridge_attribution
task005,af5ce3992524163c,32027,5096,26931,1,jonathan-task-graft-7250,0,,,,ridge_attribution
task005,688f8415f7b5de1b,32028,5096,26932,3,franksunp-7245-63;hoangvux-neurogolf;jonathan-7242-task-graft,0,,,,ridge_attribution
task005,18b593b457f96dec,33301,5096,28205,1,franksunp-7225-19,0,,,,ridge_attribution
task243,1cc16c6523a0607d,159448,118333,41115,2,hoangvux-neurogolf;jonathan-7242-task-graft,0,,,,ridge_attribution
task243,611630947a82edf1,164506,118333,46173,1,ryosuke-7266-48,0,,,,ridge_attribution
task286,891e0bc2a577142d,181409,111759,69650,1,franksunp-7225-19,0,,,,ridge_attribution
task243,10c049d4ae678046,276300,118333,157967,1,franksunp-7245-63,0,,,,ridge_attribution
task243,e850c21d35ea50ca,276366,118333,158033,1,jonathan-task-graft-7250,0,,,,ridge_attribution
